charity_org_name_text,charity_reg_num,full_view_url,full_view_year
(C A H R D ) CENTRE FOR ABORIGINAL HUMAN RESOURCE DEVELOPMENT INC.,"119052124
			RR
			0001",/ebci/hacc/srch/pub/dsplyT3010FrFlngPrd?selectedFilingPeriodIndex=0&selectedCharityBn=119052124RR0001&isSingleResult=false,2022-03-31
(C A H R D ) CENTRE FOR ABORIGINAL HUMAN RESOURCE DEVELOPMENT INC.,"119052124
			RR
			0001",/ebci/hacc/srch/pub/dsplyT3010FrFlngPrd?selectedFilingPeriodIndex=1&selectedCharityBn=119052124RR0001&isSingleResult=false,2021-03-31
(C A H R D ) CENTRE FOR ABORIGINAL HUMAN RESOURCE DEVELOPMENT INC.,"119052124
			RR
			0001",/ebci/hacc/srch/pub/dsplyT3010FrFlngPrd?selectedFilingPeriodIndex=2&selectedCharityBn=119052124RR0001&isSingleResult=false,2020-03-31
(C A H R D ) CENTRE FOR ABORIGINAL HUMAN RESOURCE DEVELOPMENT INC.,"119052124
			RR
			0001",/ebci/hacc/srch/pub/dsplyT3010FrFlngPrd?selectedFilingPeriodIndex=3&selectedCharityBn=119052124RR0001&isSingleResult=false,2019-03-31
(C A H R D ) CENTRE FOR ABORIGINAL HUMAN RESOURCE DEVELOPMENT INC.,"119052124
			RR
			0001",/ebci/hacc/srch/pub/dsplyT3010FrFlngPrd?selectedFilingPeriodIndex=4&selectedCharityBn=119052124RR0001&isSingleResult=false,2018-03-31
